{"name": "\ubc84\ub4dc\ub098\ubb34 \uaf43 \ub9cc\uac1c\ud560 \uadf8\ub0a0\uae4c\uc9c0", "version": "1.1", "location": {"callable": {"check_skip_period": ["game/event_dispatcher.rpy", 216], "event.__repr__": ["game/event_dispatcher.rpy", 33], "FileRestore": ["game/script.rpy", 67], "check2": ["game/script.rpy", 70], "event.check": ["game/event_dispatcher.rpy", 57], "event.__init__": ["game/event_dispatcher.rpy", 36], "event.properties": ["game/event_dispatcher.rpy", 65]}, "screen": {"load": ["game/screens.rpy", 838], "help": ["game/screens.rpy", 1246], "thirditem": ["game/screens.rpy", 160], "say": ["game/screens.rpy", 339], "notify": ["game/screens.rpy", 1529], "curious": ["game/screens.rpy", 69], "keyboard_help": ["game/screens.rpy", 1275], "gamepad_help": ["game/screens.rpy", 1345], "nvl": ["game/screens.rpy", 1568], "preferences": ["game/screens.rpy", 960], "confirm": ["game/screens.rpy", 1410], "seconditem": ["game/screens.rpy", 151], "inrine": ["game/screens.rpy", 206], "suprisedaruma2": ["game/screens.rpy", 245], "phonebutton": ["game/screens.rpy", 183], "firstitem": ["game/screens.rpy", 142], "input": ["game/screens.rpy", 410], "save": ["game/screens.rpy", 831], "forthitem": ["game/screens.rpy", 175], "file_slots": ["game/screens.rpy", 845], "muzlet": ["game/value.rpy", 233], "dest": ["game/script.rpy", 3], "itai": ["game/value.rpy", 288], "about": ["game/screens.rpy", 787], "choice": ["game/screens.rpy", 443], "phone": ["game/screens.rpy", 191], "aaaaa": ["game/value.rpy", 292], "main_menu": ["game/screens.rpy", 590], "mouse_help": ["game/screens.rpy", 1322], "quick_menu": ["game/screens.rpy", 1690], "suprisedaruma": ["game/screens.rpy", 240], "inseng": ["game/screens.rpy", 218], "game_menu": ["game/screens.rpy", 661], "curious_button": ["game/screens.rpy", 66], "nvl_dialogue": ["game/screens.rpy", 1600], "skip_indicator": ["game/screens.rpy", 1473], "navigation": ["game/screens.rpy", 528], "history": ["game/screens.rpy", 1162]}, "define": {"gui.accent_color": ["game/gui.rpy", 23], "gui.interface_text_size": ["game/gui.rpy", 71], "build.name": ["game/options.rpy", 40], "gui.bar_tile": ["game/gui.rpy", 311], "gui.nvl_thought_xpos": ["game/gui.rpy", 390], "gui.slot_button_text_idle_color": ["game/gui.rpy", 226], "config.history_length": ["game/gui.rpy", 335], "config.after_load_transition": ["game/options.rpy", 89], "gui.page_spacing": ["game/gui.rpy", 267], "gui.page_button_borders": ["game/gui.rpy", 185], "gui.idle_color": ["game/gui.rpy", 26], "config.window": ["game/options.rpy", 111], "center2": ["game/value.rpy", 283], "gui.slider_tile": ["game/gui.rpy", 313], "gui.main_menu_text_xalign": ["game/gui.rpy", 273], "gui.nvl_button_xalign": ["game/gui.rpy", 397], "gui.nvl_text_ypos": ["game/gui.rpy", 384], "gui.frame_borders": ["game/gui.rpy", 282], "gui.nvl_list_length": ["game/gui.rpy", 365], "gui.slot_button_borders": ["game/gui.rpy", 223], "gui.scrollbar_borders": ["game/gui.rpy", 317], "config.enter_transition": ["game/options.rpy", 78], "gui.pref_spacing": ["game/gui.rpy", 261], "gui.dialogue_text_xalign": ["game/gui.rpy", 137], "gui.nvl_text_xpos": ["game/gui.rpy", 383], "config.window_icon": ["game/options.rpy", 155], "gui.muted_color": ["game/gui.rpy", 44], "gui.dialogue_ypos": ["game/gui.rpy", 130], "config.has_sound": ["game/options.rpy", 48], "center1": ["game/value.rpy", 282], "gui.button_text_font": ["game/gui.rpy", 157], "gui.nvl_name_ypos": ["game/gui.rpy", 378], "gui.game_menu_background": ["game/gui.rpy", 87], "leftbad": ["game/value.rpy", 125], "gui.choice_button_text_hover_color": ["game/gui.rpy", 211], "gui.nvl_button_xpos": ["game/gui.rpy", 396], "gui.name_xalign": ["game/gui.rpy", 110], "gui.namebox_borders": ["game/gui.rpy", 119], "gui.frame_tile": ["game/gui.rpy", 294], "right": ["game/value.rpy", 279], "gui.nvl_text_xalign": ["game/gui.rpy", 386], "gui.vbar_borders": ["game/gui.rpy", 321], "config.end_game_transition": ["game/options.rpy", 94], "gui.slot_button_text_size": ["game/gui.rpy", 224], "moving": ["game/value.rpy", 171], "gui.dialogue_xpos": ["game/gui.rpy", 129], "gui.namebox_height": ["game/gui.rpy", 115], "config.version": ["game/options.rpy", 26], "gui.history_text_width": ["game/gui.rpy", 352], "gui.radio_button_borders": ["game/gui.rpy", 179], "gui.button_text_size": ["game/gui.rpy", 160], "gui.history_name_color": ["game/gui.rpy", 347], "config.window_hide_transition": ["game/options.rpy", 117], "gui.about": ["game/options.rpy", 32], "gui.navigation_spacing": ["game/gui.rpy", 258], "gui.choice_button_borders": ["game/gui.rpy", 206], "config.intra_transition": ["game/options.rpy", 84], "gui.slot_button_width": ["game/gui.rpy", 221], "gui.choice_button_text_xalign": ["game/gui.rpy", 209], "gui.system_font": ["game/tl/None/common.rpym", 1124], "gui.show_name": ["game/options.rpy", 21], "gui.slot_button_text_selected_hover_color": ["game/gui.rpy", 228], "config.history_callbacks": ["game/screens.rpy", 1158], "gui.title_text_size": ["game/gui.rpy", 80], "gui.slot_button_text_selected_idle_color": ["game/gui.rpy", 227], "gui.button_text_idle_color": ["game/gui.rpy", 163], "gui.notify_frame_borders": ["game/gui.rpy", 291], "gui.navigation_xpos": ["game/gui.rpy", 246], "gui.slot_button_height": ["game/gui.rpy", 222], "gui.history_text_ypos": ["game/gui.rpy", 351], "config.nvl_list_length": ["game/screens.rpy", 1621], "gui.notify_text_size": ["game/gui.rpy", 77], "config.has_voice": ["game/options.rpy", 50], "gui.selected_color": ["game/gui.rpy", 37], "gui.history_text_xpos": ["game/gui.rpy", 350], "gui.skip_frame_borders": ["game/gui.rpy", 288], "gui.confirm_button_text_xalign": ["game/gui.rpy", 183], "gui.text_font": ["game/gui.rpy", 55], "gui.history_name_xpos": ["game/gui.rpy", 343], "gui.main_menu_background": ["game/gui.rpy", 86], "gui.button_width": ["game/gui.rpy", 146], "gui.button_text_selected_color": ["game/gui.rpy", 165], "gui.nvl_thought_ypos": ["game/gui.rpy", 391], "config.save_directory": ["game/options.rpy", 148], "gui.skip_ypos": ["game/gui.rpy", 249], "gui.namebox_tile": ["game/gui.rpy", 123], "gui.nvl_text_width": ["game/gui.rpy", 385], "gui.hover_color": ["game/gui.rpy", 33], "gui.interface_text_color": ["game/gui.rpy", 49], "config.thumbnail_width": ["game/gui.rpy", 231], "gui.idle_small_color": ["game/gui.rpy", 30], "config.exit_transition": ["game/options.rpy", 79], "gui.button_text_xalign": ["game/gui.rpy", 170], "gui.name_xpos": ["game/gui.rpy", 105], "gui.name_text_size": ["game/gui.rpy", 68], "gui.history_text_xalign": ["game/gui.rpy", 353], "gui.file_slot_rows": ["game/gui.rpy", 236], "gui.button_text_insensitive_color": ["game/gui.rpy", 166], "gui.hover_muted_color": ["game/gui.rpy", 45], "gui.scrollbar_size": ["game/gui.rpy", 307], "gui.quick_button_text_selected_color": ["game/gui.rpy", 190], "gui.nvl_thought_width": ["game/gui.rpy", 392], "gui.history_height": ["game/gui.rpy", 339], "gui.text_size": ["game/gui.rpy", 64], "gui.unscrollable": ["game/gui.rpy", 327], "gui.choice_button_text_font": ["game/gui.rpy", 207], "gui.slot_spacing": ["game/gui.rpy", 270], "gui.quick_button_text_idle_color": ["game/gui.rpy", 189], "config.window_show_transition": ["game/options.rpy", 116], "config.narrator_menu": ["game/screens.rpy", 453], "gui.nvl_height": ["game/gui.rpy", 369], "gui.choice_button_height": ["game/gui.rpy", 204], "gui.nvl_spacing": ["game/gui.rpy", 373], "quick_menu": ["game/screens.rpy", 507], "gui.insensitive_color": ["game/gui.rpy", 40], "gui.bar_borders": ["game/gui.rpy", 316], "gui.dialogue_width": ["game/gui.rpy", 133], "gui.scrollbar_tile": ["game/gui.rpy", 312], "gui.quick_button_text_size": ["game/gui.rpy", 188], "config.has_music": ["game/options.rpy", 49], "gui.textbox_height": ["game/gui.rpy", 96], "gui.file_slot_cols": ["game/gui.rpy", 235], "gui.text_color": ["game/gui.rpy", 48], "gui.choice_size": ["game/gui.rpy", 66], "gui.history_name_xalign": ["game/gui.rpy", 346], "config.name": ["game/options.rpy", 15], "seng_mamiru": ["game/value.rpy", 124], "gui.button_text_hover_color": ["game/gui.rpy", 164], "gui.textbox_yalign": ["game/gui.rpy", 100], "gui.nvl_name_width": ["game/gui.rpy", 379], "gui.choice_button_text_idle_color": ["game/gui.rpy", 210], "config.main_menu_music": ["game/options.rpy", 67], "gui.button_borders": ["game/gui.rpy", 150], "nvlnarr": ["game/value.rpy", 286], "gui.button_tile": ["game/gui.rpy", 154], "gui.choice_button_tile": ["game/gui.rpy", 205], "gui.history_name_width": ["game/gui.rpy", 345], "gui.language": ["game/gui.rpy", 405], "gui.notify_ypos": ["game/gui.rpy", 252], "gui.nvl_name_xalign": ["game/gui.rpy", 380], "gui.label_text_size": ["game/gui.rpy", 74], "gui.nvl_thought_xalign": ["game/gui.rpy", 393], "gui.namebox_width": ["game/gui.rpy", 114], "bg_clubblack": ["game/value.rpy", 113], "gui.vslider_borders": ["game/gui.rpy", 323], "gui.slider_borders": ["game/gui.rpy", 318], "gui.history_allow_tags": ["game/screens.rpy", 1195], "nameless_mamiru": ["game/value.rpy", 122], "gui.name_text_font": ["game/gui.rpy", 58], "gui.name_ypos": ["game/gui.rpy", 106], "gui.nvl_borders": ["game/gui.rpy", 361], "gui.pref_button_spacing": ["game/gui.rpy", 264], "config.thumbnail_height": ["game/gui.rpy", 232], "gui.bar_size": ["game/gui.rpy", 306], "gui.choice_button_width": ["game/gui.rpy", 203], "gui.interface_text_font": ["game/gui.rpy", 61], "center": ["game/value.rpy", 281], "gui.history_name_ypos": ["game/gui.rpy", 344], "gui.slot_button_text_xalign": ["game/gui.rpy", 225], "gui.nvl_name_xpos": ["game/gui.rpy", 377], "gui.confirm_frame_borders": ["game/gui.rpy", 285], "gui.slider_size": ["game/gui.rpy", 308], "gui.button_height": ["game/gui.rpy", 147], "gui.check_button_borders": ["game/gui.rpy", 181], "left": ["game/value.rpy", 280], "gui.choice_spacing": ["game/gui.rpy", 255], "gui.quick_button_borders": ["game/gui.rpy", 187], "gui.choice_button_text_size": ["game/gui.rpy", 208], "gui.vscrollbar_borders": ["game/gui.rpy", 322]}, "transform": {"alpha2": ["game/screens.rpy", 30], "delayed_blink": ["game/screens.rpy", 1491], "alphamove": ["game/screens.rpy", 47], "alpha1": ["game/screens.rpy", 25], "explosion": ["game/value.rpy", 193], "backrunning": ["game/value.rpy", 82], "sizeing1": ["game/value.rpy", 206], "dodge": ["game/value.rpy", 92], "search": ["game/value.rpy", 184], "goaway": ["game/value.rpy", 175], "lrquake": ["game/screens.rpy", 40], "walk": ["game/value.rpy", 88], "sizeing": ["game/value.rpy", 202], "running": ["game/value.rpy", 75], "downing": ["game/screens.rpy", 21], "quake": ["game/screens.rpy", 34], "notify_appear": ["game/screens.rpy", 1540], "earthquake": ["game/value.rpy", 178]}, "label": {"chsetting": ["game/script.rpy", 103], "psycopuzzle": ["game/value.rpy", 236], "cut": ["game/events.rpy", 14], "temp": ["game/script.rpy", 30], "anton_dia": ["game/events.rpy", 29], "rinedia": ["game/rinedia.rpy", 1], "call_expression_event_1": ["game/event_dispatcher.rpy", 297], "start": ["game/script.rpy", 124], "events_end_period": ["game/event_dispatcher.rpy", 303], "game3": ["game/script.rpy", 1916], "events_run_period": ["game/event_dispatcher.rpy", 251], "star2": ["game/script.rpy", 879], "events_end_day": ["game/event_dispatcher.rpy", 235], "events_skip_period": ["game/event_dispatcher.rpy", 311], "check2": ["game/script.rpy", 115], "check": ["game/script.rpy", 94], "check1": ["game/events.rpy", 55]}}, "error": false, "size": [1280, 720], "build": {"documentation_patterns": ["*.html", "*.txt"], "directory_name": "Willow-1.1", "display_name": "Willow", "script_version": true, "destination": "Willow-1.1-dists", "renpy": false, "allow_integrated_gpu": true, "include_update": false, "base_patterns": [["*.py", null], ["*.sh", null], ["*.app/", null], ["*.dll", null], ["*.manifest", null], ["lib/", null], ["renpy/", null], ["update/", null], ["common/", null], ["update/", null], ["icon.ico", null], ["icon.icns", null], ["project.json", null], ["log.txt", null], ["errors.txt", null], ["traceback.txt", null], ["image_cache.txt", null], ["text_overflow.txt", null], ["dialogue.txt", null], ["dialogue.tab", null], ["profile_screen.txt", null], ["files.txt", null], ["tmp/", null], ["game/saves/", null], ["game/bytecode.rpyb", null], ["archived/", null], ["launcherinfo.py", null], ["android.txt", null], [".android.json", ["android"]], ["android-*.png", ["android"]], ["android-*.jpg", ["android"]], ["ouya_icon.png", ["android"]], ["ios-presplash.*", ["ios"]], ["ios-launchimage.png", null], ["ios-icon.png", null], ["**~", null], ["**.bak", null], ["**.png", ["archive"]], ["**.jpg", ["archive"]], ["**.psd", ["archive"]], ["**.pdn", ["archive"]], ["**.cpd", ["archive"]], ["**/.**", null], ["**/#**", null], ["**/thumbs.db", null], [".*", null], ["**", ["all"]]], "version": "1.1", "archives": [["archive", ["all"]]], "xbit_patterns": ["**.sh", "**/*.so.*", "**/*.so", "**/*.dylib", "lib/**/python", "lib/**/pythonw", "lib/**/zsync", "lib/**/zsyncmake", "**.app/Contents/MacOS/*", "**.app/Contents/MacOS/lib/**/python", "**.app/Contents/MacOS/lib/**/pythonw", "**.app/Contents/MacOS/lib/**/zsync", "**.app/Contents/MacOS/lib/**/zsyncmake"], "exclude_empty_directories": true, "renpy_patterns": [["renpy/common/_compat/**", null], ["renpy/common/_roundrect/**", null], ["renpy/common/_outline/**", null], ["renpy/common/_theme**", null], ["**~", null], ["**/#*", null], ["**/.*", null], ["**.old", null], ["**.new", null], ["**.rpa", null], ["**/*.pyc", null], ["renpy.py", ["renpy"]], ["renpy/", ["all"]], ["renpy/common/", ["all"]], ["renpy/common/_compat/**", ["renpy"]], ["renpy/common/**.rpy", ["renpy"]], ["renpy/common/**.rpym", ["renpy"]], ["renpy/common/_compat/**", ["renpy"]], ["renpy/common/**", ["all"]], ["renpy/**", ["renpy"]], ["lib/*/renpy", null], ["lib/*/renpy.exe", null], ["lib/windows-i686/**", ["windows"]], ["lib/linux-*/**", ["linux"]], ["lib/darwin-x86_64/**", ["mac"]], ["/lib/**", ["windows", "linux", "mac"]], ["renpy.sh", ["linux", "mac"]]], "packages": [{"dlc": false, "hidden": false, "description": "PC: Windows and Linux", "formats": ["zip"], "file_lists": ["windows", "linux", "renpy", "all"], "update": true, "name": "pc"}, {"dlc": false, "hidden": false, "description": "Linux x86/x86_64", "formats": ["tar.bz2"], "file_lists": ["linux", "renpy", "all"], "update": true, "name": "linux"}, {"dlc": false, "hidden": false, "description": "Macintosh x86_64", "formats": ["app-zip", "app-dmg"], "file_lists": ["mac", "renpy", "all"], "update": true, "name": "mac"}, {"dlc": false, "hidden": false, "description": "Windows x86", "formats": ["zip"], "file_lists": ["windows", "renpy", "all"], "update": true, "name": "win"}, {"dlc": false, "hidden": false, "description": "Windows, Mac, Linux for Markets", "formats": ["zip"], "file_lists": ["windows", "linux", "mac", "renpy", "all"], "update": true, "name": "market"}, {"dlc": false, "hidden": true, "description": "steam", "formats": ["zip"], "file_lists": ["windows", "linux", "mac", "renpy", "all"], "update": true, "name": "steam"}, {"dlc": true, "hidden": true, "description": "android", "formats": ["directory"], "file_lists": ["android", "renpy", "all"], "update": false, "name": "android"}, {"dlc": true, "hidden": true, "description": "ios", "formats": ["directory"], "file_lists": ["ios", "renpy", "all"], "update": false, "name": "ios"}], "executable_name": "Willow"}}